Author,Gender,Date,Post Text,Likes,Comments,Shares,Page Link
George Rawlings,Male,2023-06-27,"That dating app called Thursday has a new London HQ and guess what...It might just have a heated swimming pool on the roof.If anyone fancies a dip, drop me a line. ğŸŠâ€â™‚ï¸ ğŸ’§ğŸ©³Happy Thursday everyone.P.s the building asked if we wanted to host a pool party. Politely declined as I've got a body like a bag of milk. ğŸ’€ Thank you Knotel for sorting us out in Old Sessions House!",2323,263,5,https://www.linkedin.com/search/results/content/?fromMember=%5B%22ACoAABw6QFMBSpCpisudmm17uzCIC9DEu6Aav5s%22%5D&heroEntityKey=urn%3Ali%3Afsd_profile%3AACoAABw6QFMBSpCpisudmm17uzCIC9DEu6Aav5s&keywords=george%20rawlings&origin=CLUSTER_EXPANSION&position=0&searchId=5633dbc7-5774-4b29-b0b1-0742eee0fb9d&sid=Fx9&sortBy=%22date_posted%22
George Rawlings,Male,2023-10-27,"Single? ğŸ 6 months ago we started an experiment called pearÂº to try and remove the need for dating apps. Odd considering I founded one? ğŸ¤¨We manufactured and produced millions of green rings for singles to wear around the world ğŸŒThe ring signifies you're open to meeting new people in the real world. It worked more than we ever could have imagined and the success stories have been coming in at a phenomenal rate! ğŸ’• ğŸ™Œ We intentionally createdÂ Thursday's biggest competitor in the IRL space. ğŸ› ï¸Some thought that we were cannibalising our own app. But, what we've actually done is make Thursday incredibly scaleable. ğŸ¥·Thursday will be in 115 cities on 4 continents by the end the year...How? Because pearÂº already is. ğŸ˜œLink: www.pearring.coSometimes creating your own competition is the only way to get bigger. ğŸ’ªğŸ–¤ + ğŸ = ğŸ“ˆP.s Why the pearÂº ring? Because we've been 'pairing' people in public.#WorldsBiggestSocialExperiment",1353,134,12,https://www.linkedin.com/search/results/content/?fromMember=%5B%22ACoAABw6QFMBSpCpisudmm17uzCIC9DEu6Aav5s%22%5D&heroEntityKey=urn%3Ali%3Afsd_profile%3AACoAABw6QFMBSpCpisudmm17uzCIC9DEu6Aav5s&keywords=george%20rawlings&origin=CLUSTER_EXPANSION&position=0&searchId=5633dbc7-5774-4b29-b0b1-0742eee0fb9d&sid=Fx9&sortBy=%22date_posted%22
George Rawlings,Male,2023-06-27,"Thought these people worked for Wimbledon!!!Scanned it...thinking it was the order of play. ğŸ¾Then I was downloading my own app. ğŸ˜±Fuming ğŸ¤¬Cheeky buggers, that bloody dating app.Happy Thursday.",791,46,8,https://www.linkedin.com/search/results/content/?fromMember=%5B%22ACoAABw6QFMBSpCpisudmm17uzCIC9DEu6Aav5s%22%5D&heroEntityKey=urn%3Ali%3Afsd_profile%3AACoAABw6QFMBSpCpisudmm17uzCIC9DEu6Aav5s&keywords=george%20rawlings&origin=CLUSTER_EXPANSION&position=0&searchId=5633dbc7-5774-4b29-b0b1-0742eee0fb9d&sid=Fx9&sortBy=%22date_posted%22
George Rawlings,Male,2023-06-27,"*WANTED*âš ï¸ DO YOU RECOGNISE THESE MEN?A message for the dating app called Fruitz (heard of it? na me neither)Your marketing team attended a Thursday event last week and handed out a few tragic flyers and some tacky lip balm. Boujiee!Anyway, you've been caught on camera ğŸ“¸. You're better than that...you're owned by Bumble Inc. so why not flyer at their events? Heard they've really taken off ğŸ˜‰With love,A more flattered than pissed off co-founderP.s Here's a better idea for when you decide to crash the next one. Cover the pavement to the venue in grapes so everyone leaving the Thursday event get's covered in Fruitz. PR spin, singles make their own wine (you can have that one for free).",682,76,0,https://www.linkedin.com/search/results/content/?fromMember=%5B%22ACoAABw6QFMBSpCpisudmm17uzCIC9DEu6Aav5s%22%5D&heroEntityKey=urn%3Ali%3Afsd_profile%3AACoAABw6QFMBSpCpisudmm17uzCIC9DEu6Aav5s&keywords=george%20rawlings&origin=CLUSTER_EXPANSION&position=0&searchId=5633dbc7-5774-4b29-b0b1-0742eee0fb9d&sid=Fx9&sortBy=%22date_posted%22
George Rawlings,Male,2023-07-27,"I URGENTLY need my network to like this post please. #LinkedInFavourThis is my x1 last attempt to get through to an actual human being at PayPal and I think if enough people like this, someone will do a good deed and reach out. Sorry for the fairly boring LinkedIn post, took a lot from me to post this but I really need help. ğŸ™ğŸ»Not my usual style but please LinkedIn, try and work your ğŸª„",654,45,6,https://www.linkedin.com/search/results/content/?fromMember=%5B%22ACoAABw6QFMBSpCpisudmm17uzCIC9DEu6Aav5s%22%5D&heroEntityKey=urn%3Ali%3Afsd_profile%3AACoAABw6QFMBSpCpisudmm17uzCIC9DEu6Aav5s&keywords=george%20rawlings&origin=CLUSTER_EXPANSION&position=0&searchId=5633dbc7-5774-4b29-b0b1-0742eee0fb9d&sid=Fx9&sortBy=%22date_posted%22
George Rawlings,Male,2023-08-27,"Dear LinkedIn Influencers ğŸ‘‹You remind me of my Business Studies teacher from school. No offence. ğŸ¤£He was someone that talked the talk but never actually did anything himself and would jump at any opportunity to defend himself. âš”ï¸If you're sooo good...show us ğŸ™Best,The silent majority xP.S Buy my new book 'How To Make Â£30,000 Overnight'. One book has been produced and on sale for 30K. DM me. ğŸ“•So much crap on here and we're all thinking it",649,76,2,https://www.linkedin.com/search/results/content/?fromMember=%5B%22ACoAABw6QFMBSpCpisudmm17uzCIC9DEu6Aav5s%22%5D&heroEntityKey=urn%3Ali%3Afsd_profile%3AACoAABw6QFMBSpCpisudmm17uzCIC9DEu6Aav5s&keywords=george%20rawlings&origin=CLUSTER_EXPANSION&position=0&searchId=5633dbc7-5774-4b29-b0b1-0742eee0fb9d&sid=Fx9&sortBy=%22date_posted%22
George Rawlings,Male,2023-04-27,"I'm NOT proud of this article. ğŸ¥´Why? Because we had to sell a chunk of the business to get it off the ground in 2020 when we weren't in a tech recession. Worth noting that raising was much easier back then. ğŸ’²If Thursday didn't need the cash then we wouldn't have taken the investment. ğŸ’°What I've learnt since this round of funding is that too many founders (myself included) need to stop glamourising fund raising. ğŸ˜Instead build something solid and focus on revenue early, like any normal business! Less than 1% of VC backed consumer tech companies get hyper growth anyway, where the only metric that matters is the number of users. ğŸ“ˆWhat my co-founder, Matthew, and I ARE proud of is having the pleasure of working with SeedLegals since the very beginning. It's an absolute minefield out there and we couldn't have done it without them. ğŸ™ğŸ»",558,21,2,https://www.linkedin.com/search/results/content/?fromMember=%5B%22ACoAABw6QFMBSpCpisudmm17uzCIC9DEu6Aav5s%22%5D&heroEntityKey=urn%3Ali%3Afsd_profile%3AACoAABw6QFMBSpCpisudmm17uzCIC9DEu6Aav5s&keywords=george%20rawlings&origin=CLUSTER_EXPANSION&position=0&searchId=5633dbc7-5774-4b29-b0b1-0742eee0fb9d&sid=Fx9&sortBy=%22date_posted%22
George Rawlings,Male,2023-10-27,"""Our plan is to have a dedicated place in every major city in the world where singles from Hinge, Bumble, Tinder, pearÂº hang out in on a Thursday night for IRL human connection.""Not a dating app. Not an event.Thursday: The Singles BarLaunching in 60 cities across the US, Europe and Australia ğŸŒâ€œI just want to meet someone in a barâ€ You're about to see a new direction for Thursday as we scale globally ğŸš€ğŸ“¸ Thank you Ascension for an wonderful evening



â€¦see more",485,41,0,https://www.linkedin.com/search/results/content/?fromMember=%5B%22ACoAABw6QFMBSpCpisudmm17uzCIC9DEu6Aav5s%22%5D&heroEntityKey=urn%3Ali%3Afsd_profile%3AACoAABw6QFMBSpCpisudmm17uzCIC9DEu6Aav5s&keywords=george%20rawlings&origin=CLUSTER_EXPANSION&position=0&searchId=5633dbc7-5774-4b29-b0b1-0742eee0fb9d&sid=Fx9&sortBy=%22date_posted%22
George Rawlings,Male,2023-07-27,"My best friend met the love of his life on that dating app called Thursday and last night I witnessed him propose. ğŸ’I couldn't be a prouder founder, a very personal moment for me ğŸ¥°Thank you for saying 'YES' to being my first ever user and biggest supporter since day 1. We did it bro ğŸ¤£ ğŸ¯ I did say to you ""one day, you'll meet"".Scott Gledhill + @annieaitken who's too cool she doesn't have LinkedIn, CONGRATULATIONS TO YOU BOTH ğŸ¾Posting this on a Wednesday as there is no need for Thursday now. #2LessActiveUsers ğŸ˜¡",449,22,0,https://www.linkedin.com/search/results/content/?fromMember=%5B%22ACoAABw6QFMBSpCpisudmm17uzCIC9DEu6Aav5s%22%5D&heroEntityKey=urn%3Ali%3Afsd_profile%3AACoAABw6QFMBSpCpisudmm17uzCIC9DEu6Aav5s&keywords=george%20rawlings&origin=CLUSTER_EXPANSION&position=0&searchId=5633dbc7-5774-4b29-b0b1-0742eee0fb9d&sid=Fx9&sortBy=%22date_posted%22
George Rawlings,Male,2023-10-27,"Michelle Heron told me she was raising $400K for Stamp ğŸ¤¯I asked her the classic angel investor question: â“""How much has already been committed?"" ğŸ“ˆShe said ""honestly, none"". ğŸ« ""Perfect, love your honesty...count me in. This gets my stamp of approval."" ğŸ’°Stamp has now closed on $400K and I'm proud to be the first. ğŸ˜œINVESTORS GET YOUR BOTTLE BACK ğŸ‘ ""no one likes to be first bla bla""Drop michelle@stamptravel.com for the deck, it's killer. ğŸ”¥www.stamptravel.com ğŸ—ºï¸Happy Thursday",423,40,1,https://www.linkedin.com/search/results/content/?fromMember=%5B%22ACoAABw6QFMBSpCpisudmm17uzCIC9DEu6Aav5s%22%5D&heroEntityKey=urn%3Ali%3Afsd_profile%3AACoAABw6QFMBSpCpisudmm17uzCIC9DEu6Aav5s&keywords=george%20rawlings&origin=CLUSTER_EXPANSION&position=0&searchId=5633dbc7-5774-4b29-b0b1-0742eee0fb9d&sid=Fx9&sortBy=%22date_posted%22
George Rawlings,Male,2023-07-27,"My girlfriend quit her job a few months ago and just raised $500,000 but kept it really hush hush ğŸ¤ ğŸ’°Last night I said 'you'll get your TechCrunch headline one day hun'Â ğŸ¤£That one day is today, so here's your headline...made by ME! ğŸ¨ ğŸš€ #PhotoshopP.s she thinks the kissing photo is cringe. On brand for me...not her ğŸ¤£HappyÂ Thursday. FYI I was the first investor. This is a VERY hush hush deal, probably why it's cool. Proud of you, Michelle Heron x DM her for deck...no flirting though please.",407,31,1,https://www.linkedin.com/search/results/content/?fromMember=%5B%22ACoAABw6QFMBSpCpisudmm17uzCIC9DEu6Aav5s%22%5D&heroEntityKey=urn%3Ali%3Afsd_profile%3AACoAABw6QFMBSpCpisudmm17uzCIC9DEu6Aav5s&keywords=george%20rawlings&origin=CLUSTER_EXPANSION&position=0&searchId=5633dbc7-5774-4b29-b0b1-0742eee0fb9d&sid=Fx9&sortBy=%22date_posted%22
George Rawlings,Male,2023-05-27,Iâ€™m 31 years old today. VC funding is drying up. Itâ€™s harder than ever to make money. Everyone seems to still be banging on about personal brand and ADHD. Canâ€™t wait till Iâ€™m 40. See you on the other side #HappyBirthdayToMe,400,49,0,https://www.linkedin.com/search/results/content/?fromMember=%5B%22ACoAABw6QFMBSpCpisudmm17uzCIC9DEu6Aav5s%22%5D&heroEntityKey=urn%3Ali%3Afsd_profile%3AACoAABw6QFMBSpCpisudmm17uzCIC9DEu6Aav5s&keywords=george%20rawlings&origin=CLUSTER_EXPANSION&position=0&searchId=5633dbc7-5774-4b29-b0b1-0742eee0fb9d&sid=Fx9&sortBy=%22date_posted%22
George Rawlings,Male,2023-04-27,"My investors give me a headache!!! ğŸ¤•Did you know JÃ¤germeister UK is an investor in Thursday?Last month, we put on a SkiTrip â›· for hundreds of singles and they sent over 2000 mini bottles of the good stuff to the resort - my reaction says it all but let's not talk about the head the next day ğŸ¤’Best Nights VC - the investment arm of JÃ¤germeister UK, thank you for making it an unforgettable trip.Or should I say 'forgettable' ğŸ˜µ.",387,11,1,https://www.linkedin.com/search/results/content/?fromMember=%5B%22ACoAABw6QFMBSpCpisudmm17uzCIC9DEu6Aav5s%22%5D&heroEntityKey=urn%3Ali%3Afsd_profile%3AACoAABw6QFMBSpCpisudmm17uzCIC9DEu6Aav5s&keywords=george%20rawlings&origin=CLUSTER_EXPANSION&position=0&searchId=5633dbc7-5774-4b29-b0b1-0742eee0fb9d&sid=Fx9&sortBy=%22date_posted%22
George Rawlings,Male,2023-04-27,"Anyone heard of The Ship in Wandsworth? â›´ ğŸ»Went there the other day and felt really old ğŸ¤£Sat down with some mates and came up with something different.Introducing called UrbanOasis ğŸªWanted cool but not pretentious. Festival vibes, food trucks, cocktails, live music, beer, paddle tennis, 1500 capacity. Yup, full send. Basically next door to The Ship too ğŸ˜ˆ...it's not a competition though.If I'm connected with you, I'd love to invite to the opening party on Friday 26th May for friends and family ğŸŸ drop me a DM me saying 'INVITE PLEASE'Oh I nearly forgot to say...Thursday have priority and will have exclusive use of the venue first on the 25th May. Not only open 1 day a week.Not only for singles.Now back to my full-time gig, that dating app.Matthew McNeill Love X Sam Holmes X Harvey Armstrong X Callum M.",370,34,2,https://www.linkedin.com/search/results/content/?fromMember=%5B%22ACoAABw6QFMBSpCpisudmm17uzCIC9DEu6Aav5s%22%5D&heroEntityKey=urn%3Ali%3Afsd_profile%3AACoAABw6QFMBSpCpisudmm17uzCIC9DEu6Aav5s&keywords=george%20rawlings&origin=CLUSTER_EXPANSION&position=0&searchId=5633dbc7-5774-4b29-b0b1-0742eee0fb9d&sid=Fx9&sortBy=%22date_posted%22
George Rawlings,Male,2023-11-27,"Jagermeister is an investor of Thursday.Sometimes people back things to stay 'cool' and current.It's actually the other way round with us, they make us cool ğŸ˜JUST LOOK AT THE STATE OF THEM. COULD BE A BAND! ğŸ¤£ ğŸ¸Big shout out to Best Nights VC team, the investment arm of Jagermeister for all their support as we roll out Thursday around the world ğŸŒ.#CoolestVC #InvestorAppreciationDayShout out to Lorrain de Silva, Cenk S., Bianca Ambrosini, Andrea Rosen, Paolo Costi  and Shannon Storch.



â€¦see more",361,24,0,https://www.linkedin.com/search/results/content/?fromMember=%5B%22ACoAABw6QFMBSpCpisudmm17uzCIC9DEu6Aav5s%22%5D&heroEntityKey=urn%3Ali%3Afsd_profile%3AACoAABw6QFMBSpCpisudmm17uzCIC9DEu6Aav5s&keywords=george%20rawlings&origin=CLUSTER_EXPANSION&position=0&searchId=5633dbc7-5774-4b29-b0b1-0742eee0fb9d&sid=Fx9&sortBy=%22date_posted%22
George Rawlings,Male,2023-09-27,Started a dating app called Thursday to find a girlfriend. It worked and I'm now in a relationship. Happy Thursday everyone.,347,11,0,https://www.linkedin.com/search/results/content/?fromMember=%5B%22ACoAABw6QFMBSpCpisudmm17uzCIC9DEu6Aav5s%22%5D&heroEntityKey=urn%3Ali%3Afsd_profile%3AACoAABw6QFMBSpCpisudmm17uzCIC9DEu6Aav5s&keywords=george%20rawlings&origin=CLUSTER_EXPANSION&position=0&searchId=5633dbc7-5774-4b29-b0b1-0742eee0fb9d&sid=Fx9&sortBy=%22date_posted%22
George Rawlings,Male,2023-08-27,"Terrible at dating? Then this role is for you! ğŸ’Hiring an in-house dating coach, just do this course via DVD. ğŸ¬You don't have to officially be a 'dating coach' (yet), we'd mould you into this role. Looking for an empathetic individual who communicates/writes well and understands modern-day dating in 2023. ğŸ’¬ğŸŒ Fully remote (can work anywhere)ğŸ’° Â£27K per annum + commission ğŸ¿ Watch this DVD then DM me, would love to chat! All jokes aside, you will be trained! ğŸ˜‚",330,52,1,https://www.linkedin.com/search/results/content/?fromMember=%5B%22ACoAABw6QFMBSpCpisudmm17uzCIC9DEu6Aav5s%22%5D&heroEntityKey=urn%3Ali%3Afsd_profile%3AACoAABw6QFMBSpCpisudmm17uzCIC9DEu6Aav5s&keywords=george%20rawlings&origin=CLUSTER_EXPANSION&position=0&searchId=5633dbc7-5774-4b29-b0b1-0742eee0fb9d&sid=Fx9&sortBy=%22date_posted%22
George Rawlings,Male,2023-09-27,"We're having a baby ğŸ‘¶Because it'sÂ ThursdayÂ I better post something to stay relevant. Bit washed up these days ğŸ’€Anyway summer's officially over so anyone wanna go skiing? â›·ï¸Thursday and that brand called pearÂº matched, made luv...literally, and together have made a baby called LuvSki, the biggest ski trip for people who hate dating apps. ğŸ–¤ + ğŸ = ğŸ¿This hasn't been announced anywhere yet, you've seen it here first LinkedIn.See you on the slopes â„ï¸P.s Collab of the year 2024?",316,31,1,https://www.linkedin.com/search/results/content/?fromMember=%5B%22ACoAABw6QFMBSpCpisudmm17uzCIC9DEu6Aav5s%22%5D&heroEntityKey=urn%3Ali%3Afsd_profile%3AACoAABw6QFMBSpCpisudmm17uzCIC9DEu6Aav5s&keywords=george%20rawlings&origin=CLUSTER_EXPANSION&position=0&searchId=5633dbc7-5774-4b29-b0b1-0742eee0fb9d&sid=Fx9&sortBy=%22date_posted%22
George Rawlings,Male,2023-07-27,"HORRIBLE HEADLINE. We're all allowed one cheat day right? People ask me that everyday...why Thursday? Honestly mate... I don't have a sodding clue so fine, a Sunday event is now LIVE in our app...not on Thursday. No I mean, it's on Thursday but not ğŸ¤£sunday also has a nice ring to it ğŸ’...P.s probs will flop but different days is product development for us#Virginity #Cheat ğŸ¯ #NotOnThursday",306,10,1,https://www.linkedin.com/search/results/content/?fromMember=%5B%22ACoAABw6QFMBSpCpisudmm17uzCIC9DEu6Aav5s%22%5D&heroEntityKey=urn%3Ali%3Afsd_profile%3AACoAABw6QFMBSpCpisudmm17uzCIC9DEu6Aav5s&keywords=george%20rawlings&origin=CLUSTER_EXPANSION&position=0&searchId=5633dbc7-5774-4b29-b0b1-0742eee0fb9d&sid=Fx9&sortBy=%22date_posted%22
George Rawlings,Male,2024-01-27,"Yesterday's post did not portray the message I was trying to and I owe it to current and former Thursday employees to correct this.My intention was to be honest with you all and say that it has been a tough few months as a founder and I, as an individual, have really struggled with it.We have had to make some very hard decisions, including redundancies in London whilst we focus more on other cities. I now understand from reading the comments that yesterday's post was poorly written and didn't come across as I'd intended and I'm very sorry for that.There are some extraordinary talented individuals on the market, who I know would love to hear about any exciting opportunities. If you're looking for people in Events, Developers, Design or Data please get in touch and I'd love to connect you.Thank you for reading. I'll do better going forward.George",295,68,2,https://www.linkedin.com/search/results/content/?fromMember=%5B%22ACoAABw6QFMBSpCpisudmm17uzCIC9DEu6Aav5s%22%5D&heroEntityKey=urn%3Ali%3Afsd_profile%3AACoAABw6QFMBSpCpisudmm17uzCIC9DEu6Aav5s&keywords=george%20rawlings&origin=CLUSTER_EXPANSION&position=0&searchId=5633dbc7-5774-4b29-b0b1-0742eee0fb9d&sid=Fx9&sortBy=%22date_posted%22
George Rawlings,Male,2023-11-27,"â€œScaling is only difficult when you grow your business like a tower instead of a city.â€This week is different ğŸ“ˆ. Thousands and thousands of singles are attending bars in 60 cities across the globe this Thursday for IRL connection. And guess what? We openly invite Hinge ğŸ©¶, Bumble ğŸ, Tinder ğŸ”¥, pearÂº ğŸ, CoffeeMeetBagel ğŸ¥¯ etc. users to our venues. Yes, we market this message.Weâ€™re not competing because weâ€™re NOT a dating app.Weâ€™re an IRL add-on for them ALL. â•ğŸ¤Achieving this scale has been a five-year journey, but weâ€™ve successfully expanded ğŸ—ºï¸Despite initial skepticism from VCâ€™s who doubted our ability to bring singles to bars outside of London, weâ€™ve just proven them wrong. Keep watching us, we wonâ€™t stop. ğŸš€Thank you for reading!",287,21,2,https://www.linkedin.com/search/results/content/?fromMember=%5B%22ACoAABw6QFMBSpCpisudmm17uzCIC9DEu6Aav5s%22%5D&heroEntityKey=urn%3Ali%3Afsd_profile%3AACoAABw6QFMBSpCpisudmm17uzCIC9DEu6Aav5s&keywords=george%20rawlings&origin=CLUSTER_EXPANSION&position=0&searchId=5633dbc7-5774-4b29-b0b1-0742eee0fb9d&sid=Fx9&sortBy=%22date_posted%22
George Rawlings,Male,2023-04-27,"Just written my first angel cheque. ğŸ’° ğŸ’° ğŸ’°Probably the last one I'll ever write as it's nearly bankrupt me. ğŸ˜¢In all serious, I have just written one and it was an absolute no brainer. ğŸ˜³No going back now.DM me if you wanna know what it is, I'll share the deck labelled 'CONFIDENTIAL DECK'. ğŸ”Who I am? ğŸ¤”An angel investor really wanting to shout publicly about what I've just invested but the founder is not letting me...yet. GRRRRR ğŸ¤¬Watch this space or DM me. Happy Thursday.#SEIS",261,20,3,https://www.linkedin.com/search/results/content/?fromMember=%5B%22ACoAABw6QFMBSpCpisudmm17uzCIC9DEu6Aav5s%22%5D&heroEntityKey=urn%3Ali%3Afsd_profile%3AACoAABw6QFMBSpCpisudmm17uzCIC9DEu6Aav5s&keywords=george%20rawlings&origin=CLUSTER_EXPANSION&position=0&searchId=5633dbc7-5774-4b29-b0b1-0742eee0fb9d&sid=Fx9&sortBy=%22date_posted%22
George Rawlings,Male,2023-09-27,"Day 1 on the Thursday ski trip last year, this guy rocked up to the first lift with a full on charcuterie board and wine. Kudos sir.Anyway...check this out.There is a 68% chance someone will sign up once hitting this landing page. I have NEVER seen a website convert so well ğŸ“ˆğŸš€Last night we launched LuvSki, a ski trip collab between Thursday and pearÂº for the dating app haters. ğŸ–¤ + ğŸ = ğŸ¿Really wanna go but am a taken man. Ffs. ğŸ˜¢www.luvski2024.com",212,17,0,https://www.linkedin.com/search/results/content/?fromMember=%5B%22ACoAABw6QFMBSpCpisudmm17uzCIC9DEu6Aav5s%22%5D&heroEntityKey=urn%3Ali%3Afsd_profile%3AACoAABw6QFMBSpCpisudmm17uzCIC9DEu6Aav5s&keywords=george%20rawlings&origin=CLUSTER_EXPANSION&position=0&searchId=5633dbc7-5774-4b29-b0b1-0742eee0fb9d&sid=Fx9&sortBy=%22date_posted%22
George Rawlings,Male,2023-12-27,"ğŸ“This is the coolest concept Iâ€™ve seen in a while. Itâ€™s called SCAV, basically every Saturday at 5pm everyone gets a notification via WhatsApp of venues that have ridiculous tabs up for grabs ğŸ’°think fancy bars and restaurants ğŸ˜ everything paid for. Whatâ€™s the deal? First person there, gets it ğŸƒâ€â™€ï¸ğŸ¤‘Your digital SCAVcard sits in your Apple/Google wallet and automatically pushes you the secret code word when youâ€™re in the immediate vicinity of the venue. ğŸ“³Game on! Check this out www.scavtab.comThursday is partnering with SCAV because we both only work 1 day a week. Made sense. Doing something BIG tomorrow ;) Also Iâ€™m a big fan of a model that doesnâ€™t need to be popular haha, less playersâ€¦higher chance Iâ€™ll get to the venue first ğŸ¤£ ok they have just launched ğŸš€ but can see this getting London very competitive ğŸ¤™ğŸƒâ€â™€ï¸#StartUp",199,18,3,https://www.linkedin.com/search/results/content/?fromMember=%5B%22ACoAABw6QFMBSpCpisudmm17uzCIC9DEu6Aav5s%22%5D&heroEntityKey=urn%3Ali%3Afsd_profile%3AACoAABw6QFMBSpCpisudmm17uzCIC9DEu6Aav5s&keywords=george%20rawlings&origin=CLUSTER_EXPANSION&position=0&searchId=5633dbc7-5774-4b29-b0b1-0742eee0fb9d&sid=Fx9&sortBy=%22date_posted%22
George Rawlings,Male,2020-04-27,"To my future wife, I hope you don't read this. Probably the most 'un-cool' thing I've ever done. ğŸ˜³ #GrowthHack #JustForFun",189,22,4,https://www.linkedin.com/search/results/content/?fromMember=%5B%22ACoAABw6QFMBSpCpisudmm17uzCIC9DEu6Aav5s%22%5D&heroEntityKey=urn%3Ali%3Afsd_profile%3AACoAABw6QFMBSpCpisudmm17uzCIC9DEu6Aav5s&keywords=george%20rawlings&origin=CLUSTER_EXPANSION&position=0&searchId=5633dbc7-5774-4b29-b0b1-0742eee0fb9d&sid=Fx9&sortBy=%22date_posted%22
George Rawlings,Male,2020-04-27,My ultimate growth hack for no reason whatsoever.Chicken & Egg Problem = SOLVED within 48 hours.P.s also my worst pair of trousers.#NonProfit #GrowthHack #Marketing #Buzz #StartUpStories,182,30,7,https://www.linkedin.com/search/results/content/?fromMember=%5B%22ACoAABw6QFMBSpCpisudmm17uzCIC9DEu6Aav5s%22%5D&heroEntityKey=urn%3Ali%3Afsd_profile%3AACoAABw6QFMBSpCpisudmm17uzCIC9DEu6Aav5s&keywords=george%20rawlings&origin=CLUSTER_EXPANSION&position=0&searchId=5633dbc7-5774-4b29-b0b1-0742eee0fb9d&sid=Fx9&sortBy=%22date_posted%22
George Rawlings,Male,2023-07-27,Fineâ€¦Iâ€™ll do some work today.Only work 1 day of the week. Happy Thursday. #ThursdayIsTheNewMonday ğŸ¥±,157,9,0,https://www.linkedin.com/search/results/content/?fromMember=%5B%22ACoAABw6QFMBSpCpisudmm17uzCIC9DEu6Aav5s%22%5D&heroEntityKey=urn%3Ali%3Afsd_profile%3AACoAABw6QFMBSpCpisudmm17uzCIC9DEu6Aav5s&keywords=george%20rawlings&origin=CLUSTER_EXPANSION&position=0&searchId=5633dbc7-5774-4b29-b0b1-0742eee0fb9d&sid=Fx9&sortBy=%22date_posted%22
George Rawlings,Male,2023-09-27,"Venture capital doesn't interest us right now. Hoping for an exit doesn't either.Creating the next Match Group does (offline, not online). ğŸ’ŸThat dating app called Thursday launched it's #student vertical this weekend.Introducing 'FreshlySingle' where all events listed will be powered by the new Thursday 2.0 app. ğŸ‹Over the last 6 months we've been quietly releasing IRL dating products under Honeypot Dating Limited (pearent company to Thursday) to strengthen our armoury and ultimately scale smart ğŸ¯Bring on the next 10 years.ğŸš€",146,13,0,https://www.linkedin.com/search/results/content/?fromMember=%5B%22ACoAABw6QFMBSpCpisudmm17uzCIC9DEu6Aav5s%22%5D&heroEntityKey=urn%3Ali%3Afsd_profile%3AACoAABw6QFMBSpCpisudmm17uzCIC9DEu6Aav5s&keywords=george%20rawlings&origin=CLUSTER_EXPANSION&position=0&searchId=5633dbc7-5774-4b29-b0b1-0742eee0fb9d&sid=Fx9&sortBy=%22date_posted%22
George Rawlings,Male,2023-10-27,Single? 24 hours into launching pearÂº ğŸ. Holly Willoughby and Alison Hammond were talking about the concept on ITV's This Morning Show. ğŸ“ºWe rejected an invite to go on national television because we wanted to remain anonymous. ğŸ¤«Why? Not cool if you know a dating app is behind it. ğŸ˜They still covered it though and she wasn't even wearing an official pearÂº ring. Wild. ğŸ¤¯Happy Thursday.www.pearring.co,137,12,2,https://www.linkedin.com/search/results/content/?fromMember=%5B%22ACoAABw6QFMBSpCpisudmm17uzCIC9DEu6Aav5s%22%5D&heroEntityKey=urn%3Ali%3Afsd_profile%3AACoAABw6QFMBSpCpisudmm17uzCIC9DEu6Aav5s&keywords=george%20rawlings&origin=CLUSTER_EXPANSION&position=0&searchId=5633dbc7-5774-4b29-b0b1-0742eee0fb9d&sid=Fx9&sortBy=%22date_posted%22
George Rawlings,Male,2024-04-27,12 reasons to why dating apps fail.,111,10,0,https://www.linkedin.com/search/results/content/?fromMember=%5B%22ACoAABw6QFMBSpCpisudmm17uzCIC9DEu6Aav5s%22%5D&heroEntityKey=urn%3Ali%3Afsd_profile%3AACoAABw6QFMBSpCpisudmm17uzCIC9DEu6Aav5s&keywords=george%20rawlings&origin=CLUSTER_EXPANSION&position=0&searchId=5633dbc7-5774-4b29-b0b1-0742eee0fb9d&sid=Fx9&sortBy=%22date_posted%22
George Rawlings,Male,2023-12-27,You know you see all these giveaways online you NEVER win. Well check this out ğŸ‘€Thursdayâ€™s partnership with SCAV has flipped it on its head ğŸ¤¯The first person to arrive at Selfridges and find the green man in store will be handed a Â£1000 voucher. ğŸ’°Heâ€™ll be there from 5pm tomorrow (Saturday 16th Dec). ğŸƒâ€â™‚ï¸ğŸƒğŸƒâ€â™€ï¸ğŸ’¨ğŸ• Thatâ€™s how you do a giveaway! ğŸ‘ BRAVO SCAV www.scavtab.comTag a Londoner ğŸ¤£ğŸ’° #ChristmasShopping https://lnkd.in/evg8w_UM,102,12,0,https://www.linkedin.com/search/results/content/?fromMember=%5B%22ACoAABw6QFMBSpCpisudmm17uzCIC9DEu6Aav5s%22%5D&heroEntityKey=urn%3Ali%3Afsd_profile%3AACoAABw6QFMBSpCpisudmm17uzCIC9DEu6Aav5s&keywords=george%20rawlings&origin=CLUSTER_EXPANSION&position=0&searchId=5633dbc7-5774-4b29-b0b1-0742eee0fb9d&sid=Fx9&sortBy=%22date_posted%22
George Rawlings,Male,2023-06-27,"Anyone else notice people are just posting Threads for the sake of posting Threads? An attempt to not get left behind?ğŸ¤” who knows? Do I actually want to post that thread or do I feel pressure to stay â€˜revelantâ€™ because itâ€™s Meta and everyone else is on it? Learnt that lesson with TikTok didnâ€™t we? ğŸ¤£If so, respect! ğŸ¤—",95,24,0,https://www.linkedin.com/search/results/content/?fromMember=%5B%22ACoAABw6QFMBSpCpisudmm17uzCIC9DEu6Aav5s%22%5D&heroEntityKey=urn%3Ali%3Afsd_profile%3AACoAABw6QFMBSpCpisudmm17uzCIC9DEu6Aav5s&keywords=george%20rawlings&origin=CLUSTER_EXPANSION&position=0&searchId=5633dbc7-5774-4b29-b0b1-0742eee0fb9d&sid=Fx9&sortBy=%22date_posted%22
George Rawlings,Male,2023-06-27,"Looking for a freelance email marketing expert. London-based.Usual cool stuff...connect data feed, automation,  basic template set-up (maybe a tiny bit of HMTL). MailChimp probably.Disclaimer: this is NOT a full time roll, team just needs some help! DM me ORRRRRTag someone quickly before the recruiters get a whiff of this and can delete this post.",76,53,1,https://www.linkedin.com/search/results/content/?fromMember=%5B%22ACoAABw6QFMBSpCpisudmm17uzCIC9DEu6Aav5s%22%5D&heroEntityKey=urn%3Ali%3Afsd_profile%3AACoAABw6QFMBSpCpisudmm17uzCIC9DEu6Aav5s&keywords=george%20rawlings&origin=CLUSTER_EXPANSION&position=0&searchId=5633dbc7-5774-4b29-b0b1-0742eee0fb9d&sid=Fx9&sortBy=%22date_posted%22
George Rawlings,Male,2023-09-27,"HATE SCAMMERS! Anyway, go onto your online banking and turn the gambling restrictions ON. âœ…Scammers are using card details and loading money into sites like Paddy Power, Bet365 etc then withdrawing from the wallet. ğŸ’°ğŸ¤¬If you don't gamble, turn this ON immediately so it blocks this. ğŸ›‘Recently got done this way so just spreading the word ğŸ”Š. Luckily I managed to claim it back but was a headache ğŸ˜¤",59,12,1,https://www.linkedin.com/search/results/content/?fromMember=%5B%22ACoAABw6QFMBSpCpisudmm17uzCIC9DEu6Aav5s%22%5D&heroEntityKey=urn%3Ali%3Afsd_profile%3AACoAABw6QFMBSpCpisudmm17uzCIC9DEu6Aav5s&keywords=george%20rawlings&origin=CLUSTER_EXPANSION&position=0&searchId=5633dbc7-5774-4b29-b0b1-0742eee0fb9d&sid=Fx9&sortBy=%22date_posted%22
George Rawlings,Male,2024-04-27,,21,Comment,0,https://www.linkedin.com/search/results/content/?fromMember=%5B%22ACoAABw6QFMBSpCpisudmm17uzCIC9DEu6Aav5s%22%5D&heroEntityKey=urn%3Ali%3Afsd_profile%3AACoAABw6QFMBSpCpisudmm17uzCIC9DEu6Aav5s&keywords=george%20rawlings&origin=CLUSTER_EXPANSION&position=0&searchId=5633dbc7-5774-4b29-b0b1-0742eee0fb9d&sid=Fx9&sortBy=%22date_posted%22
George Rawlings,Male,2024-04-27,"The focus is on facilitating a quick, authentic, face-to-face hello. #Dating #App #Single #Hello #Honeypot #Relationships",13,2,0,https://www.linkedin.com/search/results/content/?fromMember=%5B%22ACoAABw6QFMBSpCpisudmm17uzCIC9DEu6Aav5s%22%5D&heroEntityKey=urn%3Ali%3Afsd_profile%3AACoAABw6QFMBSpCpisudmm17uzCIC9DEu6Aav5s&keywords=george%20rawlings&origin=CLUSTER_EXPANSION&position=0&searchId=5633dbc7-5774-4b29-b0b1-0742eee0fb9d&sid=Fx9&sortBy=%22date_posted%22
George Rawlings,Male,2024-04-27,"Dare of the day. If you're single, approach someone that catches your eye and see what happens. But first, maybe have a read of this article before. You can this! #BringBackButterflies #Face2Face",11,1,0,https://www.linkedin.com/search/results/content/?fromMember=%5B%22ACoAABw6QFMBSpCpisudmm17uzCIC9DEu6Aav5s%22%5D&heroEntityKey=urn%3Ali%3Afsd_profile%3AACoAABw6QFMBSpCpisudmm17uzCIC9DEu6Aav5s&keywords=george%20rawlings&origin=CLUSTER_EXPANSION&position=0&searchId=5633dbc7-5774-4b29-b0b1-0742eee0fb9d&sid=Fx9&sortBy=%22date_posted%22
George Rawlings,Male,2024-04-27,,11,Comment,0,https://www.linkedin.com/search/results/content/?fromMember=%5B%22ACoAABw6QFMBSpCpisudmm17uzCIC9DEu6Aav5s%22%5D&heroEntityKey=urn%3Ali%3Afsd_profile%3AACoAABw6QFMBSpCpisudmm17uzCIC9DEu6Aav5s&keywords=george%20rawlings&origin=CLUSTER_EXPANSION&position=0&searchId=5633dbc7-5774-4b29-b0b1-0742eee0fb9d&sid=Fx9&sortBy=%22date_posted%22
